[
  {
    "news_id": "1duhs",
    "news_date": "08 FEB, 2024",
    "news_title": "Innovative Fitness Tracker Sets New Standards",
    "news_category": "health",
    "news_desc": "Learn how our cutting-edge fitness tracker is helping people achieve their health goals more efficiently...",
    "news_banner": "https://i.ibb.co/h1K5P5h/Rectangle-22520.png"
  },
  {
    "news_id": "Jkd3244",
    "news_date": "20 APR, 2024",
    "news_title": "Green Energy Startup Receives Major Funding",
    "news_category": "business",
    "news_desc": "Explore the latest developments in green energy as a promising startup secures significant investment...",
    "news_banner": "https://i.ibb.co/cwZrK3m/Rectangle-22519.png"
  },
  {
    "news_id": "Fgdsts54",
    "news_date": "15 MAY, 2024",
    "news_title": "Breakthrough in AI Technology Announced",
    "news_category": "technology",
    "news_desc": "Discover how new AI technology is set to revolutionize industries from healthcare to finance...",
    "news_banner": "https://i.ibb.co/Zf6Smhm/Rectangle-22521.png"
  }
]
