[
    {
      "offered_institution": "Wake Forest University",
      "offer_status": "offered",
      "offer_date": "10 March, 2024",
      "offered_icon": "https://i.ibb.co/9VQnbmr/image-38.png"
    },
    {
      "offered_institution": "University of North Texas",
      "offer_status": "committed",
      "offer_date": "10 March, 2024",
      "offered_icon": "https://i.ibb.co/0DHbW3d/image-39.png"
    },
    {
      "offered_institution": "Ball State",
      "offer_status": "Transferred",
      "offer_date": "10 March, 2024",
      "offered_icon": "https://i.ibb.co/bP8QvfB/image-36.png"
    },
    {
      "offered_institution": "Harvard University",
      "offer_status": "offered",
      "offer_date": "12 March, 2024",
      "offered_icon": "https://i.ibb.co/9VQnbmr/image-38.png"
    },
    {
      "offered_institution": "University of California, Berkeley",
      "offer_status": "committed",
      "offer_date": "15 March, 2024",
      "offered_icon": "https://i.ibb.co/0DHbW3d/image-39.png"
    },
    {
      "offered_institution": "Stanford University",
      "offer_status": "Transferred",
      "offer_date": "18 March, 2024",
      "offered_icon": "https://i.ibb.co/bP8QvfB/image-36.png"
    },
    {
      "offered_institution": "Massachusetts Institute of Technology",
      "offer_status": "offered",
      "offer_date": "20 March, 2024",
      "offered_icon": "https://i.ibb.co/9VQnbmr/image-38.png"
    },
    {
      "offered_institution": "University of Oxford",
      "offer_status": "committed",
      "offer_date": "22 March, 2024",
      "offered_icon": "https://i.ibb.co/0DHbW3d/image-39.png"
    },
    {
      "offered_institution": "University of Cambridge",
      "offer_status": "Transferred",
      "offer_date": "24 March, 2024",
      "offered_icon": "https://i.ibb.co/bP8QvfB/image-36.png"
    },
    {
      "offered_institution": "Yale University",
      "offer_status": "offered",
      "offer_date": "26 March, 2024",
      "offered_icon": "https://i.ibb.co/9VQnbmr/image-38.png"
    },
    {
      "offered_institution": "Columbia University",
      "offer_status": "committed",
      "offer_date": "28 March, 2024",
      "offered_icon": "https://i.ibb.co/0DHbW3d/image-39.png"
    },
    {
      "offered_institution": "Princeton University",
      "offer_status": "Transferred",
      "offer_date": "30 March, 2024",
      "offered_icon": "https://i.ibb.co/bP8QvfB/image-36.png"
    },
    {
      "offered_institution": "California Institute of Technology",
      "offer_status": "offered",
      "offer_date": "1 April, 2024",
      "offered_icon": "https://i.ibb.co/9VQnbmr/image-38.png"
    },
    {
      "offered_institution": "University of Chicago",
      "offer_status": "committed",
      "offer_date": "3 April, 2024",
      "offered_icon": "https://i.ibb.co/0DHbW3d/image-39.png"
    }
  ]
  