[
  {
    "player_id": "1a2b3c",
    "player_name": "Wade Warren",
    "player_height": "6'4",
    "year": 2024,
    "feature": "PG",
    "player_image": "https://i.ibb.co/dLNf1rv/image-278.png",
    "pg": 21.0,
    "location": "Los Angeles, CA"
  },
  {
    "player_id": "4d5e6f",
    "player_name": "John Doe",
    "player_height": "6'2",
    "year": 2024,
    "feature": "PG",
    "player_image": "https://i.ibb.co/wNGNbJM/image-293.png",
    "pg": 21.0,
    "location": "New York, NY"
  },
  {
    "player_id": "7g8h9i",
    "player_name": "Jane Smith",
    "player_height": "6'1",
    "year": 2024,
    "feature": "PG",
    "player_image": "https://i.ibb.co/M8cVgnN/image-299.png",
    "pg": 21.0,
    "location": "Chicago, IL"
  },
  {
    "player_id": "0j1k2l",
    "player_name": "Mike Johnson",
    "player_height": "6'3",
    "year": 2024,
    "feature": "PG",
    "player_image": "https://i.ibb.co/JkxXr6L/image-318.png",
    "pg": 21.0,
    "location": "Houston, TX"
  },
  {
    "player_id": "3m4n5o",
    "player_name": "Annette Black",
    "player_height": "6'0",
    "year": 2024,
    "feature": "PG",
    "player_image": "https://i.ibb.co/JtHLcnr/image-283.png",
    "pg": 21.0,
    "location": "Phoenix, AZ"
  },
  {
    "player_id": "6p7q8r",
    "player_name": "Chris Lee",
    "player_height": "6'5",
    "year": 2024,
    "feature": "PG",
    "player_image": "https://i.ibb.co/dLNf1rv/image-278.png",
    "pg": 21.0,
    "location": "Philadelphia, PA"
  },
  {
    "player_id": "9s0t1u",
    "player_name": "Alex Martinez",
    "player_height": "6'2",
    "year": 2024,
    "feature": "PG",
    "player_image": "https://i.ibb.co/M8cVgnN/image-299.png",
    "pg": 21.0,
    "location": "San Antonio, TX"
  },
  {
    "player_id": "2v3w4x",
    "player_name": "Pat Taylor",
    "player_height": "6'4",
    "year": 2024,
    "feature": "PG",
    "player_image": "https://i.ibb.co/JkxXr6L/image-318.png",
    "pg": 21.0,
    "location": "San Diego, CA"
  },
  {
    "player_id": "5y6z7a",
    "player_name": "Sam Brown",
    "player_height": "6'3",
    "year": 2024,
    "feature": "PG",
    "player_image": "https://i.ibb.co/wNGNbJM/image-293.png",
    "pg": 21.0,
    "location": "Dallas, TX"
  }
]
