[
  {
    "reel_banner": "https://i.ibb.co/qgTyPJK/Rectangle-34627979.png",
    "reel_played_count": 123
  },
  {
    "reel_banner": "https://i.ibb.co/fk9vWyM/Rectangle-80.png",
    "reel_played_count": 456
  },

  {
    "reel_banner": "https://i.ibb.co/m82QVhS/Rectangle-34627978.png",
    "reel_played_count": 161
  },
  {
    "reel_banner": "https://i.ibb.co/qgTyPJK/Rectangle-34627979.png",
    "reel_played_count": 718
  },
  {
    "reel_banner": "https://i.ibb.co/fk9vWyM/Rectangle-80.png",
    "reel_played_count": 192
  },
  {
    "reel_banner": "https://i.ibb.co/7rx1dwp/Rectangle-34627977.png",
    "reel_played_count": 202
  },
  {
    "reel_banner": "https://i.ibb.co/m82QVhS/Rectangle-34627978.png",
    "reel_played_count": 215
  },

  {
    "reel_banner": "https://i.ibb.co/fk9vWyM/Rectangle-80.png",
    "reel_played_count": 247
  },
  {
    "reel_banner": "https://i.ibb.co/7rx1dwp/Rectangle-34627977.png",
    "reel_played_count": 256
  },
  {
    "reel_banner": "https://i.ibb.co/m82QVhS/Rectangle-34627978.png",
    "reel_played_count": 263
  },
  {
    "reel_banner": "https://i.ibb.co/qgTyPJK/Rectangle-34627979.png",
    "reel_played_count": 278
  },
  {
    "reel_banner": "https://i.ibb.co/fk9vWyM/Rectangle-80.png",
    "reel_played_count": 281
  },

  {
    "reel_banner": "https://i.ibb.co/7rx1dwp/Rectangle-34627977.png",
    "reel_played_count": 789
  },
  {
    "reel_banner": "https://i.ibb.co/m82QVhS/Rectangle-34627978.png",
    "reel_played_count": 101
  },
  {
    "reel_banner": "https://i.ibb.co/qgTyPJK/Rectangle-34627979.png",
    "reel_played_count": 112
  },
  {
    "reel_banner": "https://i.ibb.co/fk9vWyM/Rectangle-80.png",
    "reel_played_count": 131
  },
  {
    "reel_banner": "https://i.ibb.co/7rx1dwp/Rectangle-34627977.png",
    "reel_played_count": 415
  },
  {
    "reel_banner": "https://i.ibb.co/qgTyPJK/Rectangle-34627979.png",
    "reel_played_count": 229
  },
  {
    "reel_banner": "https://i.ibb.co/7rx1dwp/Rectangle-34627977.png",
    "reel_played_count": 295
  },
  {
    "reel_banner": "https://i.ibb.co/m82QVhS/Rectangle-34627978.png",
    "reel_played_count": 310
  }
]
