[
  {
    "reviewer_name": "Benjamin Smith",
    "review_comment": "Auto Adventure turned my car shopping nightmare into a dream! With their  incredible Trade-In option, I got more value for my old car than I ever  imagined, and their Financing service made buying my dream car a  reality",
    "review_count": 5,
    "reviewer_img": "https://i.ibb.co/RgCcfyr/Ellipse-18.png"
  },
  {
    "reviewer_name": "Michael Lee",
    "review_comment": "I was skeptical about selling my car online, but Auto Adventure's  Auctions feature made it a breeze. Within days, I had multiple  competitive offers, and the process was so smooth. Highly recommended!",
    "review_count": 5,
    "reviewer_img": "https://i.ibb.co/t3ZJtfx/Ellipse-17.png"
  },
  {
    "reviewer_name": "Emily Davis",
    "review_comment": "I thought finding the right vehicle would take forever, but Auto  Adventure's Shop feature made it effortless. I found my perfect car in  minutes and with their Financing option, I drove it home the same day!",
    "review_count": 5,
    "reviewer_img": "https://i.ibb.co/smLgScG/Ellipse-19.png"
  }
]
