[
  {
    "video_src": "https://i.ibb.co/YW8xxQn/thumb-1.png",
    "video_title": "6'3 Andress playing basketball",
    "video_desc": "Lorem ipsum dolor sit amet consectetur. Consequat nisl risus eget et risus volutpat.",
    "posted_date": "2023-06-01",
    "views": 1500
  },
  {
    "video_src": "https://i.ibb.co/nk44WfQ/thumb-2.png",
    "video_title": "6'3 Andress playing basketball",
    "video_desc": "Lorem ipsum dolor sit amet consectetur. Consequat nisl risus eget et risus volutpat.",
    "posted_date": "2023-06-02",
    "views": 2500
  },
  {
    "video_src": "https://i.ibb.co/vc3xFw5/thumb-3.png",
    "video_title": "6'3 Andress playing basketball",
    "video_desc": "Lorem ipsum dolor sit amet consectetur. Consequat nisl risus eget et risus volutpat.",
    "posted_date": "2023-06-03",
    "views": 3500
  },
  {
    "video_src": "https://i.ibb.co/YW8xxQn/thumb-1.png",
    "video_title": "6'3 Andress playing basketball",
    "video_desc": "Lorem ipsum dolor sit amet consectetur. Consequat nisl risus eget et risus volutpat.",
    "posted_date": "2023-06-04",
    "views": 1500
  },
  {
    "video_src": "https://i.ibb.co/nk44WfQ/thumb-2.png",
    "video_title": "6'3 Andress playing basketball",
    "video_desc": "Lorem ipsum dolor sit amet consectetur. Consequat nisl risus eget et risus volutpat.",
    "posted_date": "2023-06-05",
    "views": 2500
  },
  {
    "video_src": "https://i.ibb.co/vc3xFw5/thumb-3.png",
    "video_title": "6'3 Andress playing basketball",
    "video_desc": "Lorem ipsum dolor sit amet consectetur. Consequat nisl risus eget et risus volutpat.",
    "posted_date": "2023-06-06",
    "views": 3500
  },
  {
    "video_src": "https://i.ibb.co/nk44WfQ/thumb-2.png",
    "video_title": "6'3 Andress playing basketball",
    "video_desc": "Lorem ipsum dolor sit amet consectetur. Consequat nisl risus eget et risus volutpat.",
    "posted_date": "2023-06-07",
    "views": 2500
  },
  {
    "video_src": "https://i.ibb.co/vc3xFw5/thumb-3.png",
    "video_title": "6'3 Andress playing basketball",
    "video_desc": "Lorem ipsum dolor sit amet consectetur. Consequat nisl risus eget et risus volutpat.",
    "posted_date": "2023-06-08",
    "views": 3500
  },
  {
    "video_src": "https://i.ibb.co/YW8xxQn/thumb-1.png",
    "video_title": "6'3 Andress playing basketball",
    "video_desc": "Lorem ipsum dolor sit amet consectetur. Consequat nisl risus eget et risus volutpat.",
    "posted_date": "2023-06-09",
    "views": 1500
  }
]
